[{"name": "SUHER", "shop_name": "SUMBER JAYA, UD ", "num_invited": "2", "city": "JOMBANG", "code": "ea49f264-48cb-4497-aea6-690352599044", "guesttype": "reg", "desknumber": "-", "regnumber": "0530"}, {"name": "MARTIN H SUNUR", "shop_name": "SINAR JAYA", "num_invited": "2", "city": "JOMBANG", "code": "211cf2c4-5dec-4587-bfcd-940d987a864e", "guesttype": "reg", "desknumber": "-", "regnumber": "0531"}, {"name": "ADRIAN HARTANTO", "shop_name": "LOGAM ABADI", "num_invited": "2", "city": "JOMBANG", "code": "d5911ef4-269b-4478-8626-461aa2e07981", "guesttype": "reg", "desknumber": "-", "regnumber": "0532"}, {"name": "H SAMSUL ARIPIN", "shop_name": "RATU UBIN", "num_invited": "2", "city": "JOMBANG", "code": "f7ab4927-7fea-425b-ab3c-0391a28c863e", "guesttype": "reg", "desknumber": "-", "regnumber": "0533"}, {"name": "HJ N INAYAH", "shop_name": "JAYA SUKSES", "num_invited": "2", "city": "JOMBANG", "code": "b21a8894-5cfd-4ef4-9b27-fe4ba91c6da3", "guesttype": "reg", "desknumber": "-", "regnumber": "0534"}, {"name": "JOKO WIDARTO", "shop_name": "SUMBER BEJO", "num_invited": "2", "city": "JOMBANG", "code": "8f32bbc5-8cc3-4e4d-9de1-16daf37ceaef", "guesttype": "reg", "desknumber": "-", "regnumber": "0535"}, {"name": "MARTA ZAENAL M", "shop_name": "MK. BANGUN", "num_invited": "2", "city": "JOMBANG", "code": "cea40637-47f7-4324-850e-0f0189875415", "guesttype": "reg", "desknumber": "-", "regnumber": "0536"}, {"name": "H ELLY SURYONO", "shop_name": "BERKAT USAHA", "num_invited": "2", "city": "JOMBANG", "code": "faa762db-9d54-45fb-8da7-dd3a8089ea62", "guesttype": "reg", "desknumber": "-", "regnumber": "0537"}]