name,shop_name,num_invited,city,code,guesttype,desknumber,regnumber
ARFAN,"CATUR MITRA SEJATI SENTOSA, PT",1,JOGJA,df28e14d-47b5-4010-9c70-740084ccaee1,reg,-,0001
LILY ,LUWES,0,MAGELANG,53edf68b-2399-4816-a034-7b34076433da,reg,-,0002
H DARMAWAN,DHARMA RAYA,2,PEKALONGAN,5ab9f98d-9fd2-49cb-acc7-3c49d3869ffb,reg,-,0003
MARTININGSIH,JADI UTAMA,2,PEKALONGAN,53c443da-3ffa-4b76-9e69-9107d94ef81d,reg,-,0004
SUGENG PRAYITNO,"KARANGTURI MANDIRI, CV",2,PURWOKERTO,cbc295b6-4cec-4bf2-afbd-b0d77157ff1b,reg,-,0005
FACHRUDIN,"PELITA SATRIA PERKASA, PT ",2,PURWOKERTO,44ecdfbd-7035-4c7c-96d0-7487d3299d8d,reg,-,0006
FRANSISKA,"SAMI JAYA,CV ",0,PURWOREJO,77bf26f7-945f-4882-af09-0006c708f127,reg,-,0007
ROY SAYOGA S,"SUMBER BANGUNAN, CV",2,PURWOREJO,7b9bf514-6dfc-43b0-b284-60d41624177a,reg,-,0008
LILIK WINARNI & SANTI,"WIDA UTAMA, PT ",2,SEMARANG,88f8f1ff-2e7f-4ec7-9db0-770ada881253,reg,-,0009
VIANITASARI & FARIDATUS,"ASAYA JAYA BERSAMA SEJAHTERA, PT ",2,SEMARANG,4a9e94ba-0c67-4007-afc4-2ea8f1c7610b,reg,-,0010
TITUS DWI SISWANTO,LASIJO,2,SEMARANG,e732ec82-fa22-4602-8d79-49158d3c8a49,reg,-,0011
TJANDRA AGUS BUDIMAN,"KOTA BARU INDAH, CV ",2,SUKOHARJO,0c1efe6e-0ca0-4958-9c08-98b1a139e0b7,reg,-,0012
MOHAMAD BARID & ADHE FIRMAN FIRDAUS,MOHAMAD BARID,2,TEGAL,d2795096-5cf7-4da5-94ec-54205c77f17e,reg,-,0013
SITI ENDARWATI W,"AZIDAR MAKMUR RAYA, CV ",2,YOGYAKARTA BARAT,abbb203b-cb4d-4de1-8fce-c1731b947546,reg,-,0014
ROY,"MULIA JAYA, CV ",2,YOGYAKARTA TIMUR,0a1cb79c-3b35-416e-8df1-bd6a884f7276,reg,-,0015
SUWARSIH WARSONO S,SURATMAN,2,YOGYAKARTA TIMUR,ccec9cdb-0b57-4d1d-ab86-6c1b6b11fd71,reg,-,0016
ERWIN,"BANGUNAN JAYA MANDIRI, PT ",2,YOGYAKARTA TIMUR,1392fd8a-b75f-41c4-a8ca-c95d78a5be13,reg,-,0017
HENGKY BUDIANTO,SOEJONO,2,BANYUWANGI,886767a2-290d-4eb2-b336-02c3d29db006,reg,-,0018
GUNAWAN,SUMBER REJEKI,2,BANYUWANGI,94ffca4a-e32d-444a-8cd6-97b26cbb53e6,reg,-,0019
SAMPURAN HADI,SURYA NAGA (SAMPURNA HADI),2,JEMBER,46028555-9dfe-4e04-a134-d2619fb09ea2,reg,-,0020
HADI GEMPA,"RAJAWALI PUTRA, CV ",0,JEMBER,89ac5bb3-9066-4387-a4d0-52d0119198a5,reg,-,0021
RUDY PURNOMO SUDARMAN,DUTA KERAMIK,2,JEMBER,84ad628e-e1b1-42d0-bbad-481878db4c17,reg,-,0022
SUHARTONO SUBAGIO,JAYA SENTOSA (SUHARTONO),2,JEMBER,879d950e-2cb5-422d-8e88-9006dd416e02,reg,-,0023
NANANG HARI,SELAMET,2,JOMBANG,864a089a-8fd7-4ae0-884b-f13bc2445f44,reg,-,0024
ALI,DADI MULYO,2,JOMBANG,b8d772b4-7cba-4a61-818f-3469cec568bb,reg,-,0025
KHOIRUL,LANCAR,2,JOMBANG,7f082f2c-a74b-4f60-95ec-b752f41fa82d,reg,-,0026
SUBAGIO,"MAJU BERSAMA, UD ",0,JOMBANG,6be00ad2-6847-4593-9ea5-3c99569977f1,reg,-,0027
HARIS,PUTRA JAYA,0,JOMBANG,93ebe255-9cbc-4b07-ba63-ffe8d77adb2f,reg,-,0028
ARDAN,"SARI ALAM MULIA, UD ",2,JOMBANG,eb6cc84d-0391-40dd-82a8-fdf19dfdd8f9,reg,-,0029
JONATAN,"MURAH ABADI, CV ",2,JOMBANG,cf6e2a38-8e1a-484c-bdd4-c21e7081fd82,reg,-,0030
SRI WAHYUNI,SANTOSO (HOK),2,JOMBANG,f01da565-15ae-4148-9c97-2f2eb10ffb2e,reg,-,0031
MELINDA,"GARUDA MAS, UD ",0,JOMBANG,dcfc878f-2178-4d30-bc5c-2147462b4a29,reg,-,0032
MEME,PODO MAPAN,0,JOMBANG,16e32811-a3ec-4741-93ea-98954af4df2c,reg,-,0033
YOHANA,SINAR MAS,0,JOMBANG,3dc794ef-e7fe-4bbb-ab4d-c69093e5e571,reg,-,0034
MUJIB,"BIMA PUTRA, UD ",0,JOMBANG,42713199-7ecf-4e4c-92e2-17e1a056d9d2,reg,-,0035
HANI,HALIMI,2,JOMBANG,1cf5dd75-bd1e-47d5-9bf8-ee15a50c377c,reg,-,0036
IKA,"SINAR ALAM, UD ",2,JOMBANG,00839fc6-9ccb-4c09-a417-4ac13176e747,reg,-,0037
HENDRA OKTAVIAN,OKTA MANDIRI,2,JOMBANG,8edd8a9e-7daf-4c41-9663-85a0c96c27a3,reg,-,0038
ANDI,PUTRA SANTOSO,2,JOMBANG,28029764-0236-49ef-a319-1101d726060e,reg,-,0039
KHOIRUL,AGUNG LESTARI 2,0,JOMBANG,c2985697-cc0b-4d74-ad47-e8d08f972ff0,reg,-,0040
SANDOKO,ALKAUTSAR,2,JOMBANG,5b97fa86-e82b-4dda-9d87-97ecaa25c48e,reg,-,0041
EKO,"LUMINTU, JUWET",2,JOMBANG,90141590-547b-42b0-b13a-e77177b2b80a,reg,-,0042
AFUK,"SUMBER URIP, UD ",0,JOMBANG,8bc9cd98-d871-4a26-8c1a-e5bbf746e77e,reg,-,0043
HENDRA,"AN, UD ",2,JOMBANG,c835aece-63bc-46ba-aadb-a15ae4867c3d,reg,-,0044
GAULI ALAM PERDANA,ABC,2,JOMBANG,2e6717ed-6200-48c1-86b7-fe3577e57e25,reg,-,0045
KETUT,HARAPAN BARU,0,JOMBANG,c63bd821-f9e8-492c-9b7a-fa4977f047f9,reg,-,0046
ROY,SUMBER SARI,2,JOMBANG,7dff81e4-6616-4329-b05c-7a16d1663594,reg,-,0047
SUHANADI,HASIL JAYA MAKMUR,0,JOMBANG,ab81af9a-99bd-419f-9a50-219311541e77,reg,-,0048
JUSUF OKARI,RATNA JAYA P,0,JOMBANG,323282f6-dd1b-4621-a267-8d95bc739a57,reg,-,0049
EMI NURKHOLIDAH,SINAR ALAM,2,JOMBANG,94ee3b69-5147-488f-b50d-59982742ce60,reg,-,0050
LUNA,"H. IM, UD ",0,JOMBANG,65cb6bce-d906-43e8-bc61-2311f0859d4b,reg,-,0051
SUGIANTO,"PUTRA JAYA, UD ",2,JOMBANG,ad65cd70-805b-4f24-a65d-9c533eceb309,reg,-,0052
DAVID ANDREA,SIDO MAKMUR,2,JOMBANG,cd232572-12c9-4036-a19c-40bbe6b255c0,reg,-,0053
IMAM MAHMUDI,3 SERANGKAI,2,JOMBANG,a9865dd4-a115-4835-befb-e9af84b5919f,reg,-,0054
SAMSUL,INDAH JAYA,0,JOMBANG,d1585e9b-affa-489e-8764-7b5a90f08e44,reg,-,0055
JAJANG,SUMBER AGUNG,2,JOMBANG,4868638e-acea-450b-9cca-673b6983d26c,reg,-,0056
ARIFIN,DUA SAUDARA,2,JOMBANG,02b2a0b1-44c4-4237-89cd-cf5f799ebf60,reg,-,0057
USWATUN,AL RAHMAH,0,JOMBANG,f46fd5fe-e7e1-4fbb-80d9-7815c9d8303c,reg,-,0058
BUDI,"BAHRUL RIZQYAH, UD ",2,JOMBANG,c7f805d8-cc6b-4069-b4ec-cdfb0ad960d8,reg,-,0059
NIAM,"CENTRAL PEMBANGUNAN, UD ",0,JOMBANG,d8ae81c7-dba4-4bcb-a04a-62d8969ae62d,reg,-,0060
ERWIN,ETERNA,2,JOMBANG,2fa35ea2-490d-4c72-a860-77c0d64058be,reg,-,0061
IBNU SHOLEH,NIKMAH JAYA,2,JOMBANG,635ad3e8-0e79-48a2-b3ad-4f34b82d5c86,reg,-,0062
HERIE,"SUMBER ABADI, UD ",2,JOMBANG,c012cdb7-df3d-40e3-ba61-0337967dfff0,reg,-,0063
GUNAWAN,SURYA JAYA,2,JOMBANG,406c91ab-eda8-4ed4-843e-7d88620b12b0,reg,-,0064
SITI HASANAH,"MIRA MAKMUR, UD ",2,JOMBANG,c00479df-c4cb-4ad9-b0c8-a4bd1a41a784,reg,-,0065
M SHOLIKHUDIN,VIANT JAYA ABADI,2,JOMBANG,d9dcb266-34d2-4378-bebc-99fd4135a6ab,reg,-,0066
SAMUEL,LANCAR,2,JOMBANG,13cb9ab7-6354-4c57-9a47-2bf9276db78e,reg,-,0067
RIFAI,PAUNDRA DAYU,0,JOMBANG,207233da-5061-4f76-ae08-cad8b8e73303,reg,-,0068
TIKNO,ILMA JAYA,0,JOMBANG,7b244146-b31f-4d12-a0a4-4e971c1b7025,reg,-,0069
LILIK,SERBA LANCAR,0,JOMBANG,27c3a7ed-dda3-4999-ad72-ef614c4422bc,reg,-,0070
MUNISAWAROH,LANCAR,2,JOMBANG,f134220e-7282-4b40-818b-f935a982af4e,reg,-,0071
SUHARDI,TEGUH RAHAYU,2,JOMBANG,71c9c7d2-bd1b-453c-a469-41812e824896,reg,-,0072
FARID,LANCAR JAYA,2,JOMBANG,2d1ad108-25fa-439d-a7d8-20cee664da8b,reg,-,0073
FARID,SRIKANDI,2,JOMBANG,63586d1d-199a-4c37-a08a-9fdcb960a239,reg,-,0074
GAGUK,PODO ELING,0,JOMBANG,02b2f708-c571-4adb-8f37-57cdd5ac6ce9,reg,-,0075
LILIS,AL-HUDA,0,JOMBANG,ee2fc518-b3e0-4c64-a0c6-7459549c6632,reg,-,0076
HERI,MENTARI - LESTARI,0,JOMBANG,82bba60c-cb74-4cc7-8564-8cd760189d3b,reg,-,0077
NING,SEDERHANA,0,JOMBANG,0f3dec2e-e63f-4704-bb2f-530c3080d4dc,reg,-,0078
UMI,KARYA AGUNG,0,JOMBANG,a8c00031-f78f-447b-913b-a0f2df19bdc7,reg,-,0079
KADENO,RYSKY,0,JOMBANG,363b9ed2-0718-4e5d-8880-40f260b15f39,reg,-,0080
AGUNG EDDY SOENAWAN,SURYA AGUNG,2,JOMBANG,598bff06-3d83-40cb-9051-793d0ea92220,reg,-,0081
SITI,KAROMAH ABADI MAKMUR,0,JOMBANG,96733551-d6ed-4bf4-ac6c-e46c1f456074,reg,-,0082
HANAFI,LESTARI,2,JOMBANG,7d291474-56ea-4791-9fa3-a7990c6ec6f4,reg,-,0083
TANANG,BUDI JAYA,0,JOMBANG,7f72062f-7dce-4bab-9ddc-ae608fb7448b,reg,-,0084
RENDI,KREMBANGAN BANGUNAN,2,JOMBANG,1306bd6c-ce7d-45a1-b31d-8531a4896cb7,reg,-,0085
STALIN LIE,GARUDA MAS 2,0,JOMBANG,cde0377b-336d-48b1-9ca9-2fe01ec04783,reg,-,0086
SUCI,SETIA UTAMA,0,JOMBANG,1211b13d-1f4c-4e94-a4fb-d1b20801477e,reg,-,0087
H ABDUL HALIM,PUTRA ELSA,2,JOMBANG,b266adff-572c-4741-a351-dbcf732693ce,reg,-,0088
YULI,"SINAR ALAM, UD ",0,JOMBANG,f8ec036d-cf56-42d6-8d94-83eefb6da38e,reg,-,0089
ANIS,SUMBER MANDIRI,2,JOMBANG,c9f4caac-119e-4de1-b439-67151137dee9,reg,-,0090
AKRIS,SAHABAT II,0,JOMBANG,1bd84301-45dc-4ae4-9c83-3b2123793cb3,reg,-,0091
SYAIFUL,MRH,2,JOMBANG,d61592e0-a5f3-4fa5-85de-9342a8520b55,reg,-,0092
KUSNANDAR,MARET MAKMUR,0,JOMBANG,580576d9-37b7-40ca-b848-18cd2792225f,reg,-,0093
FADIL,DUA PUTRI,2,JOMBANG,e132f0f1-97f9-43d3-aade-8c413108667f,reg,-,0094
IMAM,MINI LANCAR,2,JOMBANG,2595ace2-089b-4b0f-9d06-1d27d5e5bf6f,reg,-,0095
ALFA,POJOK JAYA,2,JOMBANG,6ec81d27-cb42-4287-83e8-88264f1c9c02,reg,-,0096
ELI,BERKAT USAHA,0,JOMBANG,82fc95e3-a2e6-40e2-82c0-9d2d4c4e2fe5,reg,-,0097
ENI ,ILHAM RIZKY,2,JOMBANG,dca38175-ed83-4f87-b9ee-f03881c90311,reg,-,0098
BUDI,"MAJU MAPAN, UD (LISA SARI DEWI)",2,JOMBANG,757dd140-91cd-4ae3-85bb-eaa431f5319f,reg,-,0099
WIDIA,"SINAR ALAM, UD ",2,JOMBANG,579720b5-8112-41b0-b8f5-be4299b70409,reg,-,0100
NUNUK,AGUNG,0,JOMBANG,cd0c6bf2-e047-4ae7-9872-82b2d1acf28d,reg,-,0101
FITRI,LANGGENG II,0,JOMBANG,2d2a8cc1-bda2-460b-998a-d24355bc1fe6,reg,-,0102
CIK MIN,SUMBER REJO,0,JOMBANG,9f88ae9a-0e6f-49b0-9c4e-76e0ff542925,reg,-,0103
YUSKI,PANGESTU,2,JOMBANG,a1399f5c-299c-438a-a241-1fc05c3177cd,reg,-,0104
HARI SUSONO,TUNAS MULYA,2,JOMBANG,661892a7-dde2-4c89-b54a-a99d4ed3173b,reg,-,0105
EKO GUNAWAN,SINAR TERANG,2,JOMBANG,b7b372b4-ed8a-4ed8-8bc1-742fe8c82ef9,reg,-,0106
SONI JANTOR,KARYA UTAMA,2,JOMBANG,29f8552e-9b05-4814-85db-732873cc31eb,reg,-,0107
ERIK DARMA SAPUTRA,"KUNING LANGGENG SENTOSA, CV ",2,KEDIRI,38704b87-139d-4eb4-9809-aba824cf0a29,reg,-,0108
DANIEL LIM,PT.DWI BANGUN PERKASA PUTRA,0,KEDIRI,b56ffdbf-b0bd-4022-80a5-e3d1315c4199,reg,-,0109
EKO / ARIK YUSSANTO,"KARUNIA ABADI MANDIRI SENTOSA, PT",1,KEDIRI,7b3a1e04-1f73-4ed0-b09c-3f49b81be77c,reg,-,0110
DEDDY CAHYO HARYUDHO,INTI KOKOH MAKMUR SEHATI. PT ,1,KEDIRI,29778e64-895a-4393-84c9-820594f2e030,reg,-,0111
HERU PERMADI & YULIAWATI,HERO / CV HUTAMA BANGUN SEJAHTERA,2,KEDIRI,a105c84c-b3db-433a-a773-54c088fb12e6,reg,-,0112
GATUT SUNU WIBOWO,ROMO WIJOYO PUTRO,2,KEDIRI,63a32da1-8444-4fca-8212-77138c80f181,reg,-,0113
DENY S W,"MITRA MEGAH BANGUNAN ABADI, PT",2,KEDIRI,37edd8bc-6f70-4619-a248-b264e5e04929,reg,-,0114
HENI YOSHIKA (CI SIU),MAJU (CV. MAJU BESI),2,MADIUN,0b854753-017c-4998-8bb0-3d980755e791,reg,-,0115
YOGIANTO CHONDRO,"NEO COLOUR, CV",2,MADIUN,b81777fb-9840-424e-a4b0-b6108b8440a6,reg,-,0116
ELI,SUCCESS WAREHOUSE,0,MADIUN,59e18194-2404-4442-9205-08c884770523,reg,-,0117
HERU,"BIMA ABADI SENTOSA, CV",2,MADIUN,68326574-a0e8-4bb5-acdb-3e73a074767c,reg,-,0118
SUJITNO SUBROTO,BAJA JAYA,2,MADIUN,543862cd-22ab-44b1-9b58-15acd9810a85,reg,-,0119
H. MARSAD,KURNIA,2,MADURA,eef20afa-bcf6-48ab-b063-a9e347523334,reg,-,0120
FATHOR ROHMAN SAIM,SINAR JAYA (SOKOBANAH),2,MADURA,d1e77dd2-288f-4764-a9f5-33868add22c4,reg,-,0121
FARID SANTOSO,MERDEKA,2,MADURA,7634d7f3-b469-442e-9c08-3274f11d8692,reg,-,0122
EDY PURWANTO,SUMBER BANGUNAN,2,MALANG,8ea38164-90e7-4a61-867d-8584d2829532,reg,-,0123
ONG LIN KI,OGAN (CV. GAWE JOYO),2,MALANG,8c5debe1-4160-4d33-85d7-791c0f19fa8a,reg,-,0124
EDY SURYANTO,SENG JAYA (EDY SURYANTO),2,MALANG,3a0cb294-d163-4d45-abf6-e152e537602f,reg,-,0125
JOHAN SURYANTO,"SENG JAYA EXCLUSIVE, CV ",2,MALANG,094625d4-0f6e-456f-8345-b560c8175c38,reg,-,0126
DEWI & STANLEY,BANGUN INDAH GRAHA (PT. BANGUN MEGA MAKMUR),2,MALANG,5ce95ff9-ef08-4d3a-8fce-de2fb049ac6f,reg,-,0127
DENI HERIANTO,"BANGUNAN, TB",2,MALANG,a41bd516-6faa-4d31-97a0-d99e89d05bc8,reg,-,0128
YURIA MIRAWATI,"SENTRAL ABADI BANGUNAN, PT ",2,MALANG,d86fa463-ca5d-4b5b-9890-7b8555aca899,reg,-,0129
IMAM BAIDLAWI,ATTAMANI BAROKAH,2,PROBOLINGGO,9919771a-50d6-4a77-8ad9-7745255347b9,reg,-,0130
TJANDRA HERMANTO,CV TRI JAYA SUKSES,2,PROBOLINGGO,e63a24dc-b8a6-4746-8471-3c09ebfb5f38,reg,-,0131
CICILIA CHATARINA,SAN JAYA (PT. SANJAYA CITRA PRATAMA),2,SIDOARJO,65890409-d950-4550-8520-7189263e2253,reg,-,0132
MOCHAMMAD FAUZI,"JAYA, UD ",2,SIDOARJO,8efe2c26-d8e4-46f4-8714-cff23c1fdca6,reg,-,0133
HONGGO HERMAWAN,SUBUR JAYA,2,SIDOARJO,025aec6f-c0e4-4839-ace0-a67295857cc2,reg,-,0134
KANGDRA ENGKADARMAN,JAYA MULYA,2,SIDOARJO,2633cda4-dee9-4970-b96d-1a95c0349a35,reg,-,0135
BAMBANG SETIAWAN,SUMBER BUMI,2,SIDOARJO,4b0aefc3-4b3d-40a5-9800-7484783b4ff2,reg,-,0136
HONGGO SANTOSO H.,"BERSATU JAYA, CV ",2,SIDOARJO,8490a7f6-2c11-46fa-85d2-3e80374299c5,reg,-,0137
SUDIRMAN,"UTAMA BANGUNAN, CV ",2,SIDOARJO,68c5fbaa-ddad-4fb8-a085-f27a8ca5a200,reg,-,0138
MAT CHOIRI,"SARI BUMI RAYA, UD ",2,SIDOARJO,f5396374-5288-4c2c-94f1-a140009099a2,reg,-,0139
AZIS MASHURI,"SARI BUMI RAYA, UD ",2,SIDOARJO,46f4b043-f93f-41ec-9ad3-e0cec453af6f,reg,-,0140
ANDRE,"CATUR MITRA SEJATI SENTOSA, PT",1,SIDOARJO,ceedde03-f94f-403b-93b1-350ecc1e48e0,reg,-,0141
VANNY ARIUS ISKANDAR & ERIK CHRISTIAN,"CATUR MITRA SEJATI SENTOSA, PT",2,SIDOARJO,e6bda2f8-6dfa-4773-8ab8-b025caadb540,reg,-,0142
YULIAWATI,"CATUR MITRA SEJATI SENTOSA, PT ",2,SIDOARJO,757b17ee-db5f-4f60-8f52-48baef05a0c0,reg,-,0143
ISRO'IN,"HANTAR PRADA HARMONI, PT",2,SIDOARJO,6b36231b-4a85-42a6-bd65-a94ce3655646,reg,-,0144
SRI SURYANINGSIH,"ARGA BANGUN IDEAL, PT",2,SIDOARJO,7366d01c-464b-45cd-8370-8dcfa2f1cbb2,reg,-,0145
MOHAMMAD SUGENG,KARUNIA,2,SIDOARJO,5be16c10-d599-4ae4-89d1-6258da65cc62,reg,-,0146
M. AFIF AMRULLOH,BAROKAH JAYA,2,SIDOARJO,465ebfb6-0dc6-40df-99f6-85fafbd1ec13,reg,-,0147
SETIYONO,"DUA SATU ""21""",2,SIDOARJO,3b3646cc-d30e-44da-adbf-c6deab78f0c3,reg,-,0148
AMIN,FAJAR MULIA,2,SIDOARJO,14d9a9a3-0f84-45b5-9889-3970c0acdd9a,reg,-,0149
DIDIK SASMITO,DUA PUTRI,2,SIDOARJO,fbb8b5ad-6431-4b19-b1b2-2d283b876918,reg,-,0150
FANANI SYOCHIB,BAROKAH,2,SIDOARJO,5e4b155d-3021-4455-bb06-896f0511d51f,reg,-,0151
ALI BASTOMI,"HANURA, UD ",2,SIDOARJO,d5c09db5-7120-424b-8549-01103ef8b315,reg,-,0152
BUDI SISWANTO,SARI BUMI,2,SIDOARJO,b7ceac7e-264b-4714-b71a-88234cc6760c,reg,-,0153
IMAM BUSTHONI,SARI BUMI RAYA,2,SIDOARJO,63c923b0-acc8-468b-bf69-efab16b69115,reg,-,0154
JOHNNY LIYANTO,"MEGADEPO INDONESIA, PT",2,SIDOARJO,ae310896-5cb5-4c14-9911-1a594be49558,reg,-,0155
HERI LEOWADI,"MEGADEPO INDONESIA, PT ",2,SIDOARJO,6a26cbee-7cc4-4acf-9f0c-c3e1d19f7ec5,reg,-,0156
LINDAWATI,"MEGADEPO INDONESIA, PT ",2,SIDOARJO,8103ffb4-4887-4c8b-85d2-3b6459ff7a0d,reg,-,0157
TONI SOEDARMAJI,TONINDO,2,SIDOARJO,aad2f6fc-4210-446e-b3c4-271912accbed,reg,-,0158
A FUNG,BUMI JAYA,2,SIDOARJO,ca2f8f31-440d-4f9e-8f1e-9dc257db6f12,reg,-,0159
ALFIN YOGAWAN,JOYO MAS,2,SIDOARJO,d70111f2-166f-413a-b24c-e87a875e37b0,reg,-,0160
HABIB MUGHOFAR,KARUNIA II,2,SIDOARJO,9548283b-a820-4121-a24b-e88b05db371c,reg,-,0161
ANAS ASROFI,"SARI BUMI BANGUNAN, UD(PT. SARI BUMI SIDAYU)",2,SIDOARJO,36b7db9b-d49d-44a8-b58a-5618f8bd8187,reg,-,0162
REZA WIRATAMA,UTAMA JAYA,2,SIDOARJO,c8cb8eaf-a4f8-40f8-b243-e14063fca531,reg,-,0163
ABADI PANGESTU,YANG ABADI,2,SIDOARJO,4edf8106-6fa1-42c3-98c7-81f1056fbea7,reg,-,0164
DR SURUR,SARI BUMI RAYA,0,SIDOARJO,4a8e8232-54b1-409c-8541-b4b8b9e9dc6c,reg,-,0165
HJ SUDARMI,RIA JAYA,2,SIDOARJO,2745f9d5-18db-45f7-88a8-d63919d98e48,reg,-,0166
DWI ASTUTI,"CENTRO BANGUNAN, UD ",2,SIDOARJO,25df1d8f-52ae-4495-9b76-ccf3d419c1bb,reg,-,0167
TJHENG SUSANTO,GANDA PUTRA,2,SIDOARJO,d3372979-e204-46a2-8798-8f7f0c0162b8,reg,-,0168
CAI MUSTONO,HARAPAN JAYA,2,SIDOARJO,9e472f4b-b4cd-4585-adb0-4e83ab14e12d,reg,-,0169
FRANSISCO,MAKMUR,2,SIDOARJO,46f1220d-7da2-42d1-829b-2cbdc277b835,reg,-,0170
IMAM NAWAWI,"MEKAR JAYA 2, UD ",2,SIDOARJO,2339c6d7-10d5-479f-9635-24dfb4458a91,reg,-,0171
ASWIN AFFANDI,"MURAH, UD ",2,SIDOARJO,edfc82c4-6517-4544-8e3e-d3b1a06e9643,reg,-,0172
TAUFIK EFFENDI,"SARI BUMI, UD ",2,SIDOARJO,3a4f9f34-c221-494a-86b5-30f4412ccf7c,reg,-,0173
SITI JUARIYAH,BUMI JOYO,2,SIDOARJO,2f8706fa-fa35-48c6-8a58-eae2a04b866b,reg,-,0174
LILIK,FAJAR MULIA,2,SIDOARJO,745c48b7-693c-4f04-9a76-e70cf94d0912,reg,-,0175
HIFTIN ZULFATIN,MULIA JAYA,2,SIDOARJO,3fc3f613-a8c8-4671-83da-aafa7f5f4bb8,reg,-,0176
SUKARDI,"SIDOREJO, UD ",2,SIDOARJO,069cecd7-8ad8-4cf8-9349-e0b2925494fd,reg,-,0177
EDY,BUMI JAYA,2,SIDOARJO,1e240614-2cc2-487b-a04b-628f011daac8,reg,-,0178
DENNY / TAI HIONG,BUMI JAYA 3,2,SIDOARJO,467eb52f-0ad9-4aa9-bc18-15d670586b00,reg,-,0179
AGUS SUSANTO,"AGUS TRI JAYA, UD ",2,SIDOARJO,824f0394-b0ab-420c-8868-b10072584013,reg,-,0180
H. MOHAMMAD KUSEN,JARIYAH,2,SIDOARJO,3b920a03-322c-469a-8a8a-201227823410,reg,-,0181
KHAIRUL ANWAR,MITRA ABADI,2,SIDOARJO,99859592-6b2c-4448-9274-c643c57eb5bc,reg,-,0182
MOHAMMAD DYAHUDI,SINAR MAS,2,SIDOARJO,032595b7-bddb-46a8-ad93-377d0212dcab,reg,-,0183
H. MOCHAMMAD ROJUL SALIM,SURYA MAS,2,SIDOARJO,6ff4f1ea-65f2-4df9-aec5-44423e089a57,reg,-,0184
YUNIANINGSIH,ADI JAYA,2,SIDOARJO,5bce96e3-581a-405b-b57f-adb467d94af2,reg,-,0185
HEFFY DWI CAHYO,HAPPY,2,SIDOARJO,9fbb87c5-9514-403f-b675-468722a15714,reg,-,0186
NOVAN ENDJERIZA T,SONY,2,SIDOARJO,ec710295-be50-4f37-ad40-f21d6e3ecabd,reg,-,0187
SOERONO,SUMBER HARAPAN,2,SIDOARJO,7a631373-7800-4a08-b648-83a9dad5e8e0,reg,-,0188
JAMADI,RIZKY ABADI,2,SIDOARJO,9c331fec-59e6-47b9-98f1-dbf6bd0107c5,reg,-,0189
SLAMET HARYANTO,BUMI REJO,2,SIDOARJO,13417471-f50d-4c62-948b-72bbf1875304,reg,-,0190
FATKHUL ANAM,SINAR JAYA,2,SIDOARJO,2a44e160-17a9-4baa-876c-4545742d09e0,reg,-,0191
IWAN TIRTA HADI KUSUMA,JATI LUHUR (SULASTRI),2,SIDOARJO,25b08444-5198-4403-912e-e72b6f7faa02,reg,-,0192
TUMIRIN,BERKAH 2,2,SIDOARJO,5d0d6f87-758f-4738-b24c-e67e6b7a1f97,reg,-,0193
YUNADI FAUZI,SEMBILAN-SEMBILAN,2,SIDOARJO,da85c737-5f2a-40ad-98f1-2629907e0e3a,reg,-,0194
DENNY ATENG,PRAMBON JAYA,2,SIDOARJO,0c2c56d7-d7d6-439f-87f4-03a71173dfa3,reg,-,0195
LUKY FIRMANSYAH ADITAMA,"SIMA SAKTI, UD ",2,SIDOARJO,95807b16-3804-4724-967a-05345915cfd4,reg,-,0196
LEDY PUTRI ANTORO,"DAMAI JAYA, UD ",2,SIDOARJO,1fc5de0e-5561-47d8-b481-3e28b7fdc97c,reg,-,0197
SABAR,AN JAYA (ANUGRAH JAYA),0,SIDOARJO,3f1fe572-88a8-4e0f-90c4-6373fc200625,reg,-,0198
PUJI,"BUMI BERKAH, TB",2,SIDOARJO,b82fa6b6-db31-4817-a4e7-6eb8fc69cc5b,reg,-,0199
SUKERI,"PUTRA JAYA, UD ",2,SIDOARJO,24ad3510-b251-4dab-94d5-8df63cedbdff,reg,-,0200
DESSY,"DIMAS PUTRA JAYA, UD ",2,SIDOARJO,8cc41c31-6fe2-4ea0-9ccc-8a7f34be8fbd,reg,-,0201
BACHRUL ARIFIN,AR JAYA,2,SIDOARJO,b98dc651-5750-4717-b924-1f2417c69d72,reg,-,0202
HALIM BUDIHARTO,JAYA MAKMUR,2,SIDOARJO,b773507d-fab2-41c1-b9d3-a3341aa62100,reg,-,0203
BADRUL MUNIR,KARYA GEMINI,2,SIDOARJO,a7700411-7cee-4a6b-90ca-edf79903bec7,reg,-,0204
MASHUDI,"SARI BUMI RAYA, UD ",2,SIDOARJO,089f2816-998c-4b7b-825f-da7c769d5055,reg,-,0205
HARTONO,SURYA AGUNG,2,SIDOARJO,330179ef-ac5f-4e1c-8eea-99a8ef160d09,reg,-,0206
NURIL HUDA,"H. MANSUR, UD ",2,SIDOARJO,e0ad5494-6347-43af-a8a8-5d8a1cc954d8,reg,-,0207
RUSDIANTO,INDAH BANGUNAN,2,SIDOARJO,27b0c49a-78d1-4f2c-afc8-47533c7a87a9,reg,-,0208
RYAN,JAYA MAS,0,SIDOARJO,19fe3f04-4b0f-4f89-b45c-6e62438ab73a,reg,-,0209
ABDUL MUJIB,TUMONO,2,SIDOARJO,4eba9af2-588d-4c30-ab31-6b3937feb732,reg,-,0210
ABDUL ROHMAN,"SINAR JAYA, UD ",2,SIDOARJO,110fa976-a1e1-4ee3-9b41-d4a3112a670d,reg,-,0211
MUNIR,RIZQI,2,SIDOARJO,75771a57-91d4-49bb-8928-73cce6bf17ff,reg,-,0212
AMIN LELAHYUDI,SARI BUMI BERKAH,2,SIDOARJO,f4e9fa91-5336-46df-b02c-1bde616bdb5e,reg,-,0213
H. GUFRON,MEGAH CITRA BUANA,2,SIDOARJO,b3a27fe1-76b8-4ac6-b86d-75cbc6af9fce,reg,-,0214
MUKHOROBIN,"TUNAS BARU, UD ",2,SIDOARJO,41552c68-8849-4af9-b621-9bcf5e203e92,reg,-,0215
M. KHOLIL,"TUNAS BARU II, UD ",2,SIDOARJO,42e74c87-87a0-4945-9a4c-1d32074c18b9,reg,-,0216
H. MARIFAH,SEMANGAT JAYA,2,SIDOARJO,4d8d98ad-3ddb-4d7b-b98c-10e045c8840b,reg,-,0217
H. IMAM SUKIMAN,SEMANGAT JADI JAYA. UD ,2,SIDOARJO,526fa146-a7d6-4269-94e6-95dedaf220e7,reg,-,0218
SUDARMAJI,SINAR AGUNG,2,SIDOARJO,a9795b94-06cd-460b-a9ea-f0ee7c247455,reg,-,0219
ENDAH YITRA D,"PANCA SEMPURNA JAYA, PT ",2,SIDOARJO,b8257099-2580-4b34-9dc2-d5c27bbdc771,reg,-,0220
SIS RICKY HERDIANTO,CIPTA INTI ADIDAYA,2,SIDOARJO,e1ae6300-b6a0-47a2-8d2a-21192f0549c4,reg,-,0221
AILY CHANDRA,BIAN NIAGA BATUAN,2,SIDOARJO,15dbed2d-6793-47eb-ae55-60640af30f19,reg,-,0222
ERY FEERTINA,"BHUMI KENCANA SEJAHTERA, PT",2,SIDOARJO,0c0c5063-b6e5-4d6c-9acf-4720f78b995c,reg,-,0223
DANNY WAHID,"DEWE MAKMUR SEJAHTERA, PT",2,SIDOARJO,869cf234-c58e-4288-8ac6-6f147422af59,reg,-,0224
ANI,"CAHAYA BANGUN PERSADA, CV",0,SIDOARJO,ee8c47cb-a3a7-4415-9297-e6b284016be9,reg,-,0225
SUMIWI HANDARI,"PABRIK GULA CANDI BARU, PT",2,SIDOARJO,281e0327-1fdc-4f0b-a99f-2ed0c178b9e2,reg,-,0226
IIN,SANJAYA PUSAT (PT. SANJAYA INTI PERKASA),2,SIDOARJO,d6b257b3-68d3-476f-8c14-f4792cc3a5a6,reg,-,0227
UDIN,REJEKI AGUNG,2,SIDOARJO,0690c29a-ecbd-4fc5-8ce5-857903713168,reg,-,0228
SYAHRONI,JAYA SUBUR,2,SIDOARJO,9cdf287e-da53-43f6-8ce5-327af4b876ac,reg,-,0229
SYAIFUL,"LANCAR JAYA, CV ",2,SIDOARJO,622cc400-f8b7-4612-a2c3-88cbfc4d7c12,reg,-,0230
RISYA,"BANUWA AGUNG, UD ",2,SIDOARJO,547b80d4-2191-470b-9659-f3d5e53570d9,reg,-,0231
JULIANA WIDYAWATI,USAHA BARU,2,SIDOARJO,0135f9c7-3db0-4008-a636-e4acfd44242c,reg,-,0232
MAMIK,"SINAR JAYA, UD ",2,SIDOARJO,67913bda-3aea-4ad6-a877-440942c8dff0,reg,-,0233
MACHFUD,BERKAH,2,SIDOARJO,8dcd198e-042c-4912-bc27-b6d208d3a15e,reg,-,0234
SYAHRUL,SARI BUMI BENDO,2,SIDOARJO,1dfa5a6e-0b37-495b-83c9-5fa443b95081,reg,-,0235
IRFAN,BAROKAH JAYA,2,SIDOARJO,f3c31ae2-f691-472d-90d5-c309eb66ae38,reg,-,0236
CHOMSATUN,KARUNIA III,2,SIDOARJO,89168705-88fd-4c37-8d41-141a3fe40204,reg,-,0237
YUNI IRAWATI,BINTANG JAYA,2,SIDOARJO,9792997e-1971-42d0-88c8-d8127dc9800a,reg,-,0238
SUGIANTO,ASRI RAYA,2,SURABAYA BARAT,41a479ff-7c75-404d-b2b5-573cf5a77703,reg,-,0239
ZAINURI,"BOBY JAYA, UD ",2,SURABAYA BARAT,f6eb7e9a-d2e3-4c3a-a5aa-bc2c2942dd19,reg,-,0240
H. SUPRIONO,KARYA BARU,2,SURABAYA BARAT,45aac07f-ac54-44cf-a61d-7f9a088e5bcf,reg,-,0241
IDA,AL INAYAH 2,2,SURABAYA BARAT,3b5d74d2-602a-4ba6-a9b6-58fa6dac62af,reg,-,0242
ZAINUS,AL-INAYAH,2,SURABAYA BARAT,601a05e4-8933-4c97-895c-8014d4624627,reg,-,0243
LILY,SINAR INDAH,2,SURABAYA BARAT,da80317b-3cda-4460-9dc2-a4d1c5543cba,reg,-,0244
H. MUHAMAD AMIR,ADJI JAYA I,2,SURABAYA BARAT,00e2f9b8-c053-4ef5-86da-64be767c5a7d,reg,-,0245
STEVANUS LAY,"ARTA LUMINTU, CV ",2,SURABAYA BARAT,1e7db50a-e3d1-4554-b7b5-3ad8cbd3bcc9,reg,-,0246
WANTI,CAHAYA MAKMUR,2,SURABAYA BARAT,6e765f7e-a218-4fd2-8a5c-c252076b23f5,reg,-,0247
ABDULAH,HANA UTAMA,2,SURABAYA BARAT,8f60390e-157a-4777-a94b-b98780b1bb39,reg,-,0248
H. MARSITO,ANIS JAYA,2,SURABAYA BARAT,b395ea76-56b4-4013-b03f-210ff43e7c22,reg,-,0249
MAWAR,EVAN JAYA MAKMUR,2,SURABAYA BARAT,bae2bfbc-3bf4-40c9-91d8-f58f15a9d5d3,reg,-,0250
H. SUTO,GANESHA,2,SURABAYA BARAT,c3f27409-40a0-47fb-b4a9-432175096791,reg,-,0251
YENI,JAYA SENTOSA,2,SURABAYA BARAT,8701e01b-35bb-4af5-8f65-7e6360699f9d,reg,-,0252
HIMAWAN,SURYA JAYA,2,SURABAYA BARAT,7d0b57fd-cf84-4c74-9528-53b56e4a4789,reg,-,0253
SANTOSO,SURYA KENCANA 2,2,SURABAYA BARAT,d5f970f4-7eee-4175-9095-ab75c2ae4a1d,reg,-,0254
LOVELY,TOKO BANGUNAN,2,SURABAYA BARAT,6236d115-7e56-4363-9348-1292440ce984,reg,-,0255
WILLY,SEMERU,2,SURABAYA BARAT,44f319f0-4fcf-46b7-9245-6128589c4f42,reg,-,0256
YUWONO,BANGUN REJEKI,2,SURABAYA BARAT,27afde7a-bad0-4ce7-8862-e2f3c1e9bc7a,reg,-,0257
PURWANINGSIH,BIMA SUCI,2,SURABAYA BARAT,68affb11-531b-4a92-bdd6-743ba7408534,reg,-,0258
JHONY,CAKRAWALA,2,SURABAYA BARAT,e3f69410-ab89-468c-8b1d-2dd481cb5ea3,reg,-,0259
WIDYA,MAKMUR MOTOR (MB),2,SURABAYA BARAT,57e96eb1-59f9-4d61-9e7d-11c8b4db0da2,reg,-,0260
RATNA,SEJAHTERA,2,SURABAYA BARAT,59efa07e-b219-4810-9bc4-5e23631d5b56,reg,-,0261
MELIANA,SINAR JAYA MAKMUR,2,SURABAYA BARAT,954ffa5f-8b38-479a-8283-9298cce226f9,reg,-,0262
CHRIS,VARIA,2,SURABAYA BARAT,a04f2278-080d-4832-a0e9-b836af58adbc,reg,-,0263
HENDRA,"ANUGERAH, CV ",2,SURABAYA BARAT,bc96d0e2-bd64-4592-8562-020543d508af,reg,-,0264
JOLANNA SUTANTO,ANUGRAH,2,SURABAYA BARAT,aad7c07b-e03a-42d0-9429-6c59d0a16e03,reg,-,0265
EMI,DUA PUTRA,2,SURABAYA BARAT,f37e353e-e60c-4612-8c75-01c4e2d8392f,reg,-,0266
YUDI,"HADI JAYA, UD ",2,SURABAYA BARAT,3528c237-b47d-4990-970f-eb0d6e73baec,reg,-,0267
ANANG,INTIVARIA,2,SURABAYA BARAT,4141fe7f-f8a2-4ba7-bf0d-1aec99b09182,reg,-,0268
SYENNY,JIMBARAN,2,SURABAYA BARAT,ff9f6d07-a8aa-462c-aca1-5a076bb12c90,reg,-,0269
FABIAN,MAKMUR SEJATI,1,SURABAYA BARAT,fb7c2ce6-e3fc-43ef-a8ed-ad9ab5ccf375,reg,-,0270
"LOUISA & HENDRA ANG, ALAN & ISABELA","MAKMUR UTAMA KENCANA, PT ",4,SURABAYA BARAT,1f822531-429d-44c2-a593-bfc6dae29236,reg,-,0271
DEWI,"MEKAR, UD ",2,SURABAYA BARAT,920b4f34-97fe-49ad-aa45-647e4a83e17c,reg,-,0272
MICHAEL,SUMBER REJEKI,2,SURABAYA BARAT,54ea5254-5d4d-4453-9202-ad144e2509d9,reg,-,0273
MERLYN,TENG JOYO,2,SURABAYA BARAT,3ead5642-8039-4ad9-98f2-fa3acde031e1,reg,-,0274
BUDI,TITAN,2,SURABAYA BARAT,e8df7e58-3adb-4329-9b33-5b90a1b3a1fb,reg,-,0275
A TJEN,"VICTORY, UD ",2,SURABAYA BARAT,5f625238-350b-4058-b0ad-c989a0690c06,reg,-,0276
IKHUL,AKBAR JAYA,2,SURABAYA BARAT,20531ec5-213f-4bcd-acdf-e956c8563af7,reg,-,0277
YUNIS,SUMBER LANCAR,2,SURABAYA BARAT,34c95c90-3060-4700-a40b-3bb36f04fae8,reg,-,0278
AMIN,SUMBER REJO,0,SURABAYA BARAT,b63921aa-27f0-41e4-8ad9-c5fbc774a3f3,reg,-,0279
PUTRI,JATI INDAH PUTRA I,2,SURABAYA BARAT,35974084-0c44-4c75-9dff-de5401e97190,reg,-,0280
MUJI,SINAR JAYA,2,SURABAYA BARAT,3ee2d81d-9cda-41cb-8a59-e19d7aaf8a8b,reg,-,0281
H. BASORI,"HASIL BERSAMA, UD ",2,SURABAYA BARAT,2a6de6a2-0a8d-486c-93ec-38b05c115b12,reg,-,0282
ARIN,UNTUNG BERSAMA 2,0,SURABAYA BARAT,ad1ddd92-43c8-4114-87dd-9a6b5fbbae0e,reg,-,0283
ARIFIN,ANUGRAH,2,SURABAYA BARAT,6d9eae96-6e0b-4eca-bd95-b522512ff5bc,reg,-,0284
KIKI,EVI INDAH,2,SURABAYA BARAT,27967091-ae5e-4e99-99be-8d2524a6db0a,reg,-,0285
HJ. NASUHA,RIMBA PERKASA,0,SURABAYA BARAT,f45e6cb4-3f19-4be9-9f91-a996a5dbc16f,reg,-,0286
SUZUD,ANUGRAH DUA,2,SURABAYA BARAT,7e05e810-535a-45c4-beb9-fa8dfb96016f,reg,-,0287
ANA,TUMBUH SUBUR,2,SURABAYA BARAT,9466a98b-c561-445a-b807-d6cd613771c3,reg,-,0288
HERMIN,SUMBER BANGUNAN,2,SURABAYA BARAT,871a6da7-0ac3-499a-aa73-3180a5b385ff,reg,-,0289
SHINTIA,"CANGKIR, UD ",2,SURABAYA BARAT,c98e6cc6-1d77-4374-aee7-26ffa6edefff,reg,-,0290
SUYONO,MORODADI,2,SURABAYA BARAT,0010366e-bb37-4ec5-ac22-7a7f330b1583,reg,-,0291
ANIK,RODA MAS,2,SURABAYA BARAT,4fb7abf4-68c0-4421-882b-4686e0da0307,reg,-,0292
ERNI,SINAR BUKIT,2,SURABAYA BARAT,3b3fc0c7-774b-4e1b-9a0a-23f4c6b1db51,reg,-,0293
HAMIDA,SINAR JAYA,2,SURABAYA BARAT,f5c828a8-32af-4d4d-afcd-e407e28e6181,reg,-,0294
ARIF,SUMBER URIP,0,SURABAYA BARAT,f27be3d3-2c3e-41bc-aee2-9c5ce4a67e6c,reg,-,0295
IRWAN,"MAJU MAPAN, UD ",2,SURABAYA BARAT,dcd4f3ec-1ef7-4ce6-8d68-9050d2faa0a2,reg,-,0296
TITIN,INDAH JAYA BANGUN,2,SURABAYA BARAT,f8ab09c5-39b5-42c0-a8ea-077058cb417c,reg,-,0297
IIS,"SAMIR ISTANA BANGUNAN, UD ",2,SURABAYA BARAT,331237dc-df19-4eee-9220-d2253ddc4e0b,reg,-,0298
MASBUIN,SEDIA,2,SURABAYA BARAT,55eee074-d14d-43e7-a47c-cccdb2966e76,reg,-,0299
NAJIB,"SUMBER JAYA, CV ",2,SURABAYA BARAT,8b3823fb-7747-45bd-bbcf-b9cc60a66ba3,reg,-,0300
SUKADI,GANGSAR 2 (KERAMIK),2,SURABAYA BARAT,73cfdbef-9900-43ff-86bc-80b2688e14ae,reg,-,0301
ANTON,LANGGENG SANTOSO,2,SURABAYA BARAT,68fa4014-17da-4847-8959-c6036e913355,reg,-,0302
SUCI,LOH JINAWI (KEBO MAS),2,SURABAYA BARAT,8275bf7c-0e89-4424-a5af-29d128c97806,reg,-,0303
ANTON,SUMBER AGUNG,2,SURABAYA BARAT,caa83d81-8fa3-4f5d-a0b2-e1bd810691b0,reg,-,0304
CHANDRA,VARIA INDAH,2,SURABAYA BARAT,bdf59480-cf5f-4c37-af2e-8d3e157af6f9,reg,-,0305
TIRTA WIJAYA,BAROKAH,2,SURABAYA BARAT,70b29c38-d3bd-497d-abd5-e5bfea6c0d55,reg,-,0306
HERI,"BANGUN GRIYA, UD ",2,SURABAYA BARAT,5e19abe6-72c6-4424-a8ed-1f00c7c4ad6b,reg,-,0307
KEMAL,JASA PERDANA,0,SURABAYA BARAT,2196b94b-40cf-47b1-8c28-df00e8d44217,reg,-,0308
ARIFIN,KOP. KKB (K3PG) PETROKIMIA,2,SURABAYA BARAT,87b9d666-bf8a-4965-9056-202563c6bcfa,reg,-,0309
YOUNG,PUTRA,2,SURABAYA BARAT,86a7fc03-3bb1-42f2-9153-2be73d82d92a,reg,-,0310
ILUL,SUMBER WANGI V,0,SURABAYA BARAT,691085f9-78c6-469a-8efa-8b10ce0db696,reg,-,0311
JULIATI,"ARYS JAYA, UD ",2,SURABAYA BARAT,324d2634-3d10-4cc7-a1ef-33015673338d,reg,-,0312
AINUR,SUMBER REJEKI,0,SURABAYA BARAT,abbeb264-b459-44ef-91a9-f505b0a58f3a,reg,-,0313
ANDREAS,MAJU JAYA,2,SURABAYA BARAT,e995edb0-f372-4d84-ae69-7cb0a73e83ee,reg,-,0314
TRISNANDAR,VIVI JAYA,2,SURABAYA BARAT,f2691f53-305e-4d59-9aac-2bccaa305a2f,reg,-,0315
ARIF,ARAH SUKSES,2,SURABAYA BARAT,0207d290-9c81-483a-910f-c6a546052e64,reg,-,0316
BIAT,AVIA,2,SURABAYA BARAT,2ae36146-97ff-40a3-8d93-5d8aa37436d7,reg,-,0317
ESTER,AVIA PEGANDEN,2,SURABAYA BARAT,385b34f6-5ecd-4e15-8e06-6e07fab476f7,reg,-,0318
FERRY,CHANDRA,2,SURABAYA BARAT,cbaa5c72-57ee-496e-bd0c-dd9ae23466b5,reg,-,0319
ERWIN,JAYA SAKTI,2,SURABAYA BARAT,0a19bf98-8e2c-464b-adf8-10333584ff48,reg,-,0320
NASRUN,MULIA,2,SURABAYA BARAT,3ed05c94-ba07-435f-b4d3-bdc15fd6a6ad,reg,-,0321
MUHAIMIN,SUMBER JOYO,2,SURABAYA BARAT,a4df1eaf-322d-4a38-bc67-35209f4bfa02,reg,-,0322
TAKAP,SUMBER WANGI PERMATA,2,SURABAYA BARAT,82161cae-7c74-45ee-8323-7b3cd4f3a668,reg,-,0323
IRVAN,SUMBER WANGI RAYA,0,SURABAYA BARAT,751d101e-92f2-4e86-89c0-662bfb80500b,reg,-,0324
ZEIN,TANPA NAMA,2,SURABAYA BARAT,f473e6f6-58ff-40ec-ac8c-2380fd7a8b60,reg,-,0325
ANAM,WARGA BUMI JAYA,2,SURABAYA BARAT,0d558849-28e7-4f34-aaa0-fa0c266f15b4,reg,-,0326
LULU,"CENTRAL ASIA BUILDING, PT ",2,SURABAYA BARAT,92d7e0d5-2dd6-4149-8892-24fcc6508bad,reg,-,0327
DIDIN,EVI INDAH ELEKTRIK,2,SURABAYA BARAT,886d740b-50fe-47b2-9ed8-845448d73480,reg,-,0328
JOHAN,FITRI JAYA,2,SURABAYA BARAT,18a0fc16-6999-4ab7-a858-c8e99807e6cd,reg,-,0329
EDI,BUMI SUBUR JAYA,2,SURABAYA BARAT,3d3076b8-4cc4-47eb-af64-d95170f1c16f,reg,-,0330
EDI,EDI JAYA,2,SURABAYA BARAT,92acbc46-946a-48c5-8c94-38415fec48cb,reg,-,0331
MUKANI,HARAPAN JAYA,0,SURABAYA BARAT,6185287b-7733-4a16-97a0-e1ff4fc524d1,reg,-,0332
H. SYAFIQ,"IRMA, UD / H SYAFIQ",2,SURABAYA BARAT,0eeaf72c-53c3-4709-b8a0-bf41872de6f8,reg,-,0333
ROISUL,JAYA ABADI,2,SURABAYA BARAT,b2e0fdce-823c-4722-bf95-59f4902e1b20,reg,-,0334
VIVIN,MEGA HARDWARE,2,SURABAYA BARAT,089f91aa-22e7-4a7a-bf44-b8ec3f6cfd81,reg,-,0335
H. NUR CHOLIS,DIKY BAROKAH,0,SURABAYA BARAT,3f25c3e5-3f7c-4216-b156-de2f2ac44d3d,reg,-,0336
MAHFUD,"BINTANG UTAMA DRAJAT, UD ",2,SURABAYA BARAT,6ac6bee4-84d0-4b0f-8bff-2bc43e3425e1,reg,-,0337
ABDUL WAHID,SAHABAT,0,SURABAYA BARAT,856bfe9c-816f-4c60-a33e-46b7b3838e0e,reg,-,0338
WILDAN,BINTANG UTAMA,2,SURABAYA BARAT,7a4de0a9-65b1-4c6f-a81c-477eefb4e3e9,reg,-,0339
FARIZ,SARI BUMI GOLOKAN (PT. SARI BUMI SIDAYU),2,SURABAYA BARAT,908223e0-bbe0-4e15-9c31-903207bbad3a,reg,-,0340
ZAINI,SETIA,2,SURABAYA BARAT,8cff72ed-5757-45a2-837b-739f633b554b,reg,-,0341
H. LULU,LAHAN MANUNGGAL,0,SURABAYA BARAT,a19d15ab-85a7-4327-b3e3-f5c5c4c7979c,reg,-,0342
HERMAN,"YADI JAYA, UD ",2,SURABAYA BARAT,d41e2eff-9361-4481-a34d-ed4b1f15fb34,reg,-,0343
YENI,DUA SAUDARA,2,SURABAYA BARAT,ce9506ba-cd75-4800-962a-4fd9519f704a,reg,-,0344
RATNA,ASIA AFRIKA,2,SURABAYA TIMUR,c09ea96e-a98e-4576-9ed8-15d6ae6c4290,reg,-,0345
SONNY HARTAWAN SETIO,TIRTO MULYO,2,SURABAYA TIMUR,230580d3-6040-4c34-929f-6dc35b8a239a,reg,-,0346
ALEX VICTOR ALAM,CV. JAYA MORISINDO,2,SURABAYA TIMUR,68091c78-41b8-4af2-be21-6ad7da7fc4f5,reg,-,0347
SUNDORO TJANDRA,"PUTRA WISMA HARAPAN, CV",2,SURABAYA TIMUR,b310edc5-a440-4de5-986a-7e3122331914,reg,-,0348
ADI WIYONO/ AMING,JANGKAR MAS,2,SURABAYA TIMUR,62222af6-0307-4abc-bf5b-5c9065a03e4d,reg,-,0349
FANNY WIJAYA ( FANG ),SINGA MAS,2,SURABAYA TIMUR,842f9349-b1ba-477b-a638-2ba6eb3c7690,reg,-,0350
LUKITO,IMANUEL,2,SURABAYA TIMUR,d6479972-ca35-41bf-b8e5-7f3d8b20661e,reg,-,0351
SIEN/ BAMBANG SUGIPURWANTO,GAJAH MADA,2,SURABAYA TIMUR,f0e48db4-3f73-4c13-909b-1513ce769167,reg,-,0352
YUWONO,SUMBER MAKMUR,2,SURABAYA TIMUR,fe0c5bc5-e588-43f3-bf03-120648369e7a,reg,-,0353
JEANY,"SEJAHTERA, CV ",2,SURABAYA TIMUR,14c3bc91-d548-4f02-abc1-4ade2369d699,reg,-,0354
FANNY,CAHAYA AGUNG,2,SURABAYA TIMUR,24d3c056-39a4-44b1-b965-a4843ee79007,reg,-,0355
LILI / GUNAWAN SUSANTO,LOGAM JAYA (GUNAWAN SUSANTO),2,SURABAYA TIMUR,7f01c5f0-265d-4696-90e9-1962385f7cc2,reg,-,0356
MARCELINA,MANDIRI UTAMA,2,SURABAYA TIMUR,62857d69-f292-4a6b-8e84-eb4bd497356a,reg,-,0357
SALEH SULISTIA,TIMUR TERANG,2,SURABAYA TIMUR,9cd980d4-6ce1-40ab-875b-43b2492a1519,reg,-,0358
BING IRAWATI GUNAWAN,SURYA KENCANA,0,SURABAYA TIMUR,c7af2f81-4661-45ef-896a-753e852bd066,reg,-,0359
ALEX,LEO,2,SURABAYA TIMUR,6fb72962-7c4a-4db8-92cf-cdf82a359b9a,reg,-,0360
IWAN,WAHYU,2,SURABAYA TIMUR,587ecae9-e258-44a6-83bb-97d2ee94392b,reg,-,0361
MISBA ,"SINAR ABADI, UD ",2,SURABAYA TIMUR,229776ab-caca-41bb-94f6-e10e4dc66f6a,reg,-,0362
KURNIAWAN SANTOSO,BUMI JAYA,2,SURABAYA TIMUR,179cc94e-7ae6-4637-8a79-8abac6f55841,reg,-,0363
MOCH ANWAR,SARI JAYA,2,SURABAYA TIMUR,c1a77a94-c323-4c45-a292-3d28926dba06,reg,-,0364
HARIS SETIAWAN,ARIES JAYA,2,SURABAYA TIMUR,a906353c-96dc-49ac-80a3-cc95d91b163f,reg,-,0365
YOHANES HENDRA,CAHAYA ABADI,2,SURABAYA TIMUR,bf514e40-2292-4960-95b1-a941f35cb805,reg,-,0366
SIU,DORO KASIH,2,SURABAYA TIMUR,44f152ab-1db5-4e46-b178-5d33a27dab49,reg,-,0367
TEDJA  HERMANTO,HT UD ,2,SURABAYA TIMUR,f383e511-d4bf-412f-9bd8-4bce81693fc6,reg,-,0368
YENNIE,SAUDARA,2,SURABAYA TIMUR,d64f3b21-59c1-4305-83db-a02347c7a0b8,reg,-,0369
HANNY CHANDRA TJIANG,SINAR HARAPAN,2,SURABAYA TIMUR,62b190e5-9578-46c7-b6ad-71752a79b6f3,reg,-,0370
GEING,SINAR INDAH,2,SURABAYA TIMUR,c29f70f3-6956-47af-9a1d-81fb06fe1f2a,reg,-,0371
ANITA,SOPONYONO,2,SURABAYA TIMUR,aaae17dc-2623-4463-835d-490fbb9322ca,reg,-,0372
LIK SUNJOYO,SUMBER MAKMUR,2,SURABAYA TIMUR,696cefa0-35f5-4c78-a31d-92494c73225e,reg,-,0373
ERNA / BENNY,TUNGGAL JAYA,2,SURABAYA TIMUR,c0178a38-2cea-49c5-a67c-bec424fe5a26,reg,-,0374
LIDYA / DJUNAIDI SANTOSO,SANTOSO,2,SURABAYA TIMUR,880a4478-1b80-4bfb-802d-3a772e94495a,reg,-,0375
HARI RACHMAD,ASLI 2,2,SURABAYA TIMUR,df717a77-24fc-4944-819e-38766eb5008f,reg,-,0376
AFANDY NAGA,"WIJAYA PRATAMA NUSANTARA, PT",2,SURABAYA TIMUR,528ab8af-392e-42e2-9707-39e8333e5336,reg,-,0377
RATNA,IRWAN SANTOSO,2,SURABAYA TIMUR,2a12375a-4fe6-4575-9628-65da3bc74639,reg,-,0378
KUSNO,HIDAYAH,2,SURABAYA TIMUR,a0265f41-fbb2-4533-b7b5-1cefa5c48186,reg,-,0379
HENDRY,SUMBER JAYA,2,SURABAYA TIMUR,99228cc8-a67f-4bb7-80e0-57cd1ce5a019,reg,-,0380
SIE TJANDRA K,"TIGA JAYA, CV",2,SURABAYA TIMUR,231b2434-b172-4ed0-aaa2-94d95247f525,reg,-,0381
ANDREY,ANEKA JAYA,2,SURABAYA TIMUR,873748a9-2179-4c74-bc70-5c5974165bbe,reg,-,0382
YUANA,ATLAS,2,SURABAYA TIMUR,3e7200ad-1a27-47ec-86b5-a60c939433a2,reg,-,0383
IWAN,JAYA MAKMUR,2,SURABAYA TIMUR,5d2830fe-db2d-422c-896b-d2fb67697ca6,reg,-,0384
RAY HANA,MUBAROK,2,SURABAYA TIMUR,2fc85aba-a3b9-4f81-9c57-64d69b76c332,reg,-,0385
BENNY / YENNY,PUTRA MAS,2,SURABAYA TIMUR,08256331-6167-4709-892c-c99729efa695,reg,-,0386
LIANG  VIVI MAGDALENA,SAHABAT BARU,2,SURABAYA TIMUR,898dc73f-2ca0-4d28-ad37-345027af4075,reg,-,0387
BUDI SANTOSO,SANTOSO,2,SURABAYA TIMUR,b63e279b-0dfa-4596-ae28-9402cbd8187e,reg,-,0388
BAMBANG,SURYA KENCANA,2,SURABAYA TIMUR,63fa8d83-88e2-4777-8a41-2b9f55b721c8,reg,-,0389
EDDY,MAJU UTAMA,2,SURABAYA TIMUR,12127e78-a84d-4b23-957a-9eb8bc5ee14d,reg,-,0390
SUMAJI,VIA STEEL,2,SURABAYA TIMUR,0ac57a4a-6aee-4e30-a591-08814b6abfb2,reg,-,0391
SETIOWATI,"ANAK JAWI SEJAHTERA, CV",2,SURABAYA TIMUR,4b2fed1f-c1b7-4ddb-9dc4-3adb0a15d771,reg,-,0392
MIMIN,SINAR TERANG,2,SURABAYA TIMUR,e1eecbe5-ee6b-414e-80f6-fa9a5d3c0bdd,reg,-,0393
STEVANUS HALIM,"KLAMPIS DEPO, UD ",2,SURABAYA TIMUR,76f17e86-6542-4dd8-b687-ae26ad76f629,reg,-,0394
EUNIKE / MARIA,BUDI KARYA/BINTANG TIMUR,2,SURABAYA TIMUR,2ecf57f3-ac57-4d12-bb13-2b27d1e076f2,reg,-,0395
ALEX,DELAPAN DELAPAN JAYA,2,SURABAYA TIMUR,45f33a1a-5c5b-4617-97e3-71be2d1e5651,reg,-,0396
YOHANES  BUDI,ENAM EMPAT (64),2,SURABAYA TIMUR,2b251e4c-6c78-44a8-8243-19a740f17ef9,reg,-,0397
TANDO YUWETO,MARTHA,2,SURABAYA TIMUR,75d66409-5803-4b49-9df5-36b0f414f7e4,reg,-,0398
LINDA / IVAN,MEGA BANGUNAN,2,SURABAYA TIMUR,16acc101-d26f-4002-a549-31b762a87a25,reg,-,0399
RUDI ( HWAT ),SINAR TERANG,2,SURABAYA TIMUR,f5965ce2-d0d3-45b5-8c71-f0dbaf5a48ce,reg,-,0400
HENI YULIANI,WARNA JAYA,2,SURABAYA TIMUR,e7d5f9ae-4626-48c4-959f-e7fd9064bf2c,reg,-,0401
HENDRO DARMAWAN,PUTRA SEJATI,2,SURABAYA TIMUR,47b2109d-6520-4d3e-ba73-c6acc99d4ec1,reg,-,0402
LANNY,KOTA JAYA,2,SURABAYA TIMUR,bb1b1d66-7b09-49fb-9f3f-8a7204059944,reg,-,0403
FITRI,BINA BANGUN,2,SURABAYA TIMUR,1fd893dc-cec6-44e3-8b91-a94d366332e6,reg,-,0404
AGUS,SINAR JAYA,2,SURABAYA TIMUR,b0df24b5-38c9-44ac-b634-6283d6cb39e5,reg,-,0405
KHO SUCIPTO/ NANCY,FAJAR BANGUNAN,2,SURABAYA TIMUR,c9890cf0-04c6-4b79-a98a-27ae08db50f9,reg,-,0406
AGUS HARIYANTO,JAYA RAYA,2,SURABAYA TIMUR,ee6a9115-b40b-4b8c-9829-edb321eafab6,reg,-,0407
CIPTO/ BU LANNY,SINAR TERANG,2,SURABAYA TIMUR,98602bfd-9cbc-42f5-bda5-a6b4d6d7d841,reg,-,0408
JOYO SAMPURNO,SURYA JAYA,2,SURABAYA TIMUR,9c53b496-0d98-48d3-bed9-8209049e14cb,reg,-,0409
LILIANAWATI /  ODDY,SAUDARA JAYA,2,SURABAYA TIMUR,19131482-9ef3-4819-b617-7df16a6d9962,reg,-,0410
SUMADI,CAHAYA BARU,2,SURABAYA TIMUR,dfdfb050-7ac2-4fe5-ab71-673d5a23f691,reg,-,0411
REVA,"CATUR MITRA SEJATI SENTOSA, PT",1,SURABAYA TIMUR,183f8b4d-8e13-41df-b81f-9509a296277c,reg,-,0412
RIANIK,"ANAK TAWI MAKMUR, CV ",2,SURABAYA TIMUR,1b261aec-6ed1-45fb-8156-8a594226a82a,reg,-,0413
LUKAS / RATNAWATI TWENNY PUTRI,SINAR MULIA,2,SURABAYA TIMUR,1ab4b812-0ca4-421a-a8ce-59272ab1eb9b,reg,-,0414
ATENG,KARYA BERSAMA,2,SURABAYA TIMUR,fb4e3bee-d100-40cd-9598-9a039e3d7daa,reg,-,0415
ACHMAD SODIQ / HAJI NUR,"HAJI NUR, UD ",2,SURABAYA TIMUR,32f62414-7c30-4f53-b25d-62b301a4b69b,reg,-,0416
HANDIK,DUA CAHAYA,2,SURABAYA TIMUR,5c514926-beb8-42b9-82b7-9967f170901f,reg,-,0417
ANTONIUS,SINAR SURYA,2,SURABAYA TIMUR,052589a3-3c1c-4098-8fa1-d594062eb01c,reg,-,0418
ERNA,TRI STAR JY / ANTARIKSA,2,SURABAYA TIMUR,7f08cee3-523c-4264-9ab4-0ec6e5bcab35,reg,-,0419
NANANG,SETIA JAYA,2,SURABAYA TIMUR,5caa340c-8deb-48b0-8ee7-682b73b6980d,reg,-,0420
KATAM,ANIKA JAYA,2,SURABAYA TIMUR,3d22e8a6-69fe-4759-aaa1-3a5dbb156025,reg,-,0421
SUGIANTO,ARTHA,2,SURABAYA TIMUR,109debaa-48b5-4ac3-8210-b05ee20eca89,reg,-,0422
MULYADI / YENI,"NORTON, CV ",8,SURABAYA TIMUR,52f88dfc-2044-45ce-9593-704c43d3c416,reg,-,0423
ANTON,SAMA BAHAGIA,2,SURABAYA TIMUR,5ff3359f-2679-4ad8-b681-e2e4b7c9353a,reg,-,0424
YENNY CHANDRA,TERANG,2,SURABAYA TIMUR,64fb56b8-f018-4280-8a6e-d253cea8f951,reg,-,0425
YAN SURYO,"TRI SURYA ABADI, PT ",2,SURABAYA TIMUR,d27d3029-bf75-4979-866c-3d8d12d8abf7,reg,-,0426
EKO / ALEX,BANGUNAN KITA,2,SURABAYA TIMUR,0887e17b-3de0-4003-87a0-0a30b798e423,reg,-,0427
ZENUAR,"CATUR MITRA SEJATI SENTOSA, PT",1,SURABAYA TIMUR,1d0fc5b5-f664-48e9-9689-6642da9bf11d,reg,-,0428
MUSTONO / MUYATI,INDAH JAYA,2,SURABAYA TIMUR,52715216-22fb-4588-92fd-6337455efe18,reg,-,0429
HWA,MATAHARI,2,SURABAYA TIMUR,5f1b649f-7bfb-42e1-913c-8574b2fee941,reg,-,0430
BAMBANG SOELAKSONO/ BU VIVI,SLAMET,2,SURABAYA TIMUR,cc0fa57c-bcd1-40bd-b3ac-2d6cfd28d288,reg,-,0431
BHAKTI,BHAKTI JAYA,2,SURABAYA TIMUR,990eb6a4-81e1-484d-89ab-92ec8ed243d3,reg,-,0432
STEVEN WARDANA,"PUTRA BANGUN PERSADA, CV",2,SURABAYA TIMUR,d3afd2c8-5f1b-4981-8e88-9062ba097f4c,reg,-,0433
UNGGUL & CHARLES,"SUMBER MAS BANGUNAN, PT ",2,SURABAYA TIMUR,e8e47b66-6d34-4d20-8dfb-8156f3ad14c4,reg,-,0434
BUDI,"SOPONYONO, UD ",2,SURABAYA TIMUR,d54007f9-3199-4792-8bb0-761f98c01d62,reg,-,0435
KRISTANTO TANUWIJAYA / HENI,DWI PUTRA JAYA,2,SURABAYA TIMUR,4fb4c037-3e9b-47e7-9e9f-497f4eb77871,reg,-,0436
ILHAM,EMPAT SATU,2,SURABAYA TIMUR,58dfb7db-a400-4c35-9cf3-54da5943b589,reg,-,0437
ERNA,JAYA ABADI,2,SURABAYA TIMUR,9dd691fa-4d74-4830-9371-66b8fb1f4cc6,reg,-,0438
FREDY,SURYA SAKTI,2,SURABAYA TIMUR,4ed0a794-3db2-49c1-9fb2-36a5212348bc,reg,-,0439
SISKA,WIDJOJO,2,SURABAYA TIMUR,15a7847c-03e2-488b-a889-a169d72dbcad,reg,-,0440
AGUS,MAJU,2,SURABAYA TIMUR,d948b879-d1d6-42ec-ad66-8521a7589009,reg,-,0441
FENDY,SAUDARA KITA,2,SURABAYA TIMUR,c760417a-4651-48a5-9219-ee8d052f0734,reg,-,0442
NUZULIA FITHRIANA / GANANG,"SEMEN INDONESIA DISTRIBUTOR, PT ",2,SURABAYA TIMUR,2cebb46b-b5c9-448b-a822-a5f4a71efedb,reg,-,0443
TGOA SIOE TIE,KERTO RAHARJO,2,SURABAYA TIMUR,d93391a7-aa0f-45b2-902d-abe09c3705bb,reg,-,0444
AGUS,KERTOHARJO,2,SURABAYA TIMUR,521ce6f6-a42f-47a0-89d3-4406d9ed4822,reg,-,0445
LISA,ANUGRAH JAYA,2,SURABAYA TIMUR,4870fe35-55b2-4d2d-97b9-19f6298611e7,reg,-,0446
ELLY,SARI AGUNG,2,SURABAYA TIMUR,65fec7e2-a098-4553-92d9-08e76c093986,reg,-,0447
HENNYKA,HOKI,2,SURABAYA TIMUR,c716dfbd-c7ce-4b84-9b4b-fb7711e3992e,reg,-,0448
CHANDRA / LENY,PUTRA MAKMUR,2,SURABAYA TIMUR,5e8ae6a3-25ae-4401-b980-4c2de4952b53,reg,-,0449
YULIA,"JAYA MAKMUR, UD ",2,SURABAYA TIMUR,1380eb46-d94c-4267-b67b-7a972ee0fcaa,reg,-,0450
JHONNY TANNER/ TOMY,INTI JAYA SUKSES PERDANA,2,SURABAYA TIMUR,5522fbeb-c8f4-48e4-9c08-38e5933030e1,reg,-,0451
SULIS,"KOTA MAS NUSANTARA, CV ",2,SURABAYA TIMUR,9e92498a-a17f-4b42-82b1-958a43f7c677,reg,-,0452
SUSAN / SIANG,"BUMI JAYA INDAH ABADI, PT ",2,SURABAYA TIMUR,6abbd2cf-e5ee-4672-83b9-f197b71143bf,reg,-,0453
JEFFRY TENNY,MEGA DOBO,2,SURABAYA TIMUR,20d6f1cb-f3ff-497c-9425-4202cfa1c869,reg,-,0454
SHERLEY GUNAWAN,SUMBER MAKMUR JAYA (CAF)70097006,2,SURABAYA TIMUR,5bbb8033-beef-43df-a012-29ea8a56e5aa,reg,-,0455
A SIANG,A SIANG,2,SURABAYA TIMUR,0754535f-118f-47f6-a811-9bcc5077e41c,reg,-,0456
YENI & BUDI,"JAYA ANUGERAH YAKUN ABADI, PT ",2,TUBAN,86d6b3a2-90d4-4d2b-bfb6-f06565e12eb8,reg,-,0457
DHARMA,SWALAYAN JAYA BESI,2,BULUKUMBA,a0258a9c-7d2e-46df-8dd8-551494f5ac1d,reg,-,0458
SUSANTI LAMUSU & DEASY CHRIDTINE BOLANG,KARYA AGUNG JAYA,2,GORONTALO,6df8257e-909b-43ce-b3d9-8fccd638ab20,reg,-,0459
IRWAN YUSUF ALI,FARJIDAN JAYA,1,GORONTALO,98de37b6-2ad6-4fe5-870b-3012192fe1e8,reg,-,0460
ISKANDAR KATO,"SINAR MITRA BANGUNAN, PT ",2,KENDARI,fb109d4b-a254-4b40-8948-194ded3899e8,reg,-,0461
ADI,INTAN BUILDING CENTER (CV. INTAN CAHAYA GEMILANG),0,KENDARI,bb199684-7e72-43ee-9d59-712f097630bc,reg,-,0462
EDDY TENDEAN,"CIPTA ANEKA SARANA, CV ",1,KENDARI,261562a2-696f-4467-9f0e-c59a667cf7d4,reg,-,0463
JOHANES MULYANTO,ERA BANGUNAN,1,KENDARI,d83757f7-0787-4933-8c06-1279badc887c,reg,-,0464
HJ SALMA ANAS,BUANA INDAH,1,KENDARI,38b014ea-44e4-4f91-bb7a-8abc23abf9a1,reg,-,0465
LUNARDY & JESICA ISKANDAR,TIGA KEMBAR,2,LUWUK,0fd8e5a4-e444-4605-879e-f5f927f81e8b,reg,-,0466
POA TEK CHUAN,CAHAYA SURYA,1,MAKASSAR,253dce96-b008-4c0b-8129-b1bc602b54bb,reg,-,0467
BENNY TANSU,SUMBER LOGAM,1,MAKASSAR,2482c94b-4e5a-4215-b142-ac2e1b3a272f,reg,-,0468
SWANNY (GRUP MODE),TOP MURAH,1,MAKASSAR,c8fc798e-d0c3-40a6-91bc-7aae4f18d924,reg,-,0469
HJ. YASIN,"MEGA INDAH SARI TIM0R, PT ",1,MAKASSAR,fe3bd65c-b1dd-4868-be35-d63be22f34b3,reg,-,0470
ERIK PHITOYO,"HAOMART PRIMA NUSANTARA, PT ",0,MAKASSAR,733747ce-ce31-4820-ac26-c3dd788736bd,reg,-,0471
JOHAN SUMAWI,"SURYA UTAMA NUSANTARA, CV ",0,MAKASSAR,e4fa02e6-5fc2-4c31-ba45-1b51e8283b29,reg,-,0472
ROY,"MITRA 3, CV ",1,MAKASSAR,985b985a-4b0d-4e06-8cb9-748c464f35e0,reg,-,0473
,USAHA MAJU,1,MAKASSAR,dcee96fb-8137-46af-bf17-d854188d119c,reg,-,0474
I MADE WIDYA,SANDY,1,MANADO,87f870a8-1923-4b4d-bcaa-21143db8b874,reg,-,0475
LILY,"SIMPLE JAYA, PT ",0,MANADO,9e6d3922-f8b4-4fbc-ae0a-964f66ce4aa5,reg,-,0476
ANTHONY,"BINA KARYA SARANA BANGUN,CV ",1,MANADO,12d4aff0-0c3c-42f0-aa8e-7c44b773f2f4,reg,-,0477
MAXI,GRAND HARDWARE (TJITROSANTOSO SION),1,MANADO,b2e22da6-e57d-4d5c-87c5-38f94a7445fd,reg,-,0478
,"MITRA KERJA SEJATI, CV ",1,MANADO,55cc7b5a-3051-40e0-b558-473082b6d553,reg,-,0479
EFRI RANDE BUNGA,WINO BANGUNAN,1,PALOPO,9e245157-7d06-4807-a23b-245bf313ee54,reg,-,0480
H IDRIS SE,PELITA SAHABUDIN,1,PALU,632c955b-f5e4-4d31-b589-c2b0758886d0,reg,-,0481
ERIC CHANDRA,"UNION BANGUNAN, CV ",1,PALU,c1199aa0-bdfc-4633-a61d-6af8c43b455b,reg,-,0482
BUDI / LENNY TRIASTUTI,DUNIA WARNA (AB),1,BALIKPAPAN,aa0fd4a2-fa35-4a3b-8088-48d72b49b7a0,VIP,9,0483
ANDRY TANUJAYA,"PUTRA GEMILANG PRIMA, PT ",0,BANJARMASIN,c2c5c7c9-0765-4e8c-859e-db05433162ff,reg,-,0484
FENNY / WENDRA,KARYA SUBUR JAYA,1,PALANGKARAYA,768186af-6aa8-4224-b095-c7fc8ecaf6d0,VIP,9,0485
HARFANI,MAKITA II,1,PALANGKARAYA,92c2ce02-13a7-471d-bf4c-e33e637ec003,VIP,9,0486
APHIANG,"MULTI DEPO, PT ",0,PONTIANAK,73d437a5-f94b-4113-8798-5f726fb414be,reg,-,0487
FRENKY,STUDIO BANGUNAN / PT. RAJAWALI FAJAR PERSADA,2,PONTIANAK,68e51255-4769-43e4-bfb9-8458fa9b7d06,reg,-,0488
ATHONG,THONG,0,PONTIANAK,fd613687-4553-454f-89f3-0205925fb40b,reg,-,0489
AKHIAN,SURYA GOLD,0,PONTIANAK,655c7611-1457-4e11-ac71-bffaaa16b82b,reg,-,0490
WESLY WONGSO,SUMBER PEMBANGUNAN,1,PONTIANAK,1b884aa7-2fa7-45bb-aa66-a347783c585a,VIP,9,0491
ERYAN,"SURYA, CV ",1,PONTIANAK,b0255416-b566-4e9b-8cf6-7d869214b846,reg,-,0492
EQY,CHI CHI JAYA,1,SAMARINDA,a714cd0e-7ffc-45c1-9483-0c4e845f7d99,VIP,9,0493
DAVID HERMANTO,SINAR CITRA,1,SAMARINDA,c1a1df75-fd19-44a5-a272-c1d163fb2874,VIP,9,0494
ANTHONY,"MEGAH JAYA KERAMIK, UD",1,SAMARINDA,550ca637-d99b-4029-8261-20b7f4e00fa0,VIP,9,0495
HJ MASTUATUN,AMANAH,1,SAMPIT,aedaf36b-533a-4d43-9a57-69ab43c35ce8,VIP,9,0496
SETIA WIJAYA,"KARYA JAYA, CV ",1,SAMPIT,b46fd1b5-1e03-4742-806f-067009af38e3,reg,-,0497
YULIANA / YEYE,"SAMUDRA MAS SAMPIT, PT ",1,SAMPIT,e03ac94a-03ad-4514-84f6-b641b305ab1b,reg,-,0498
RAMUIN,ANAM,1,SAMPIT,ee67dc08-4ebf-4483-8070-b43f14424edd,VIP,9,0499
APING,CV PING HARDWARE,1,TARAKAN,13935370-2648-4bd2-8479-96a9e187401e,reg,-,0500
FREDY,"WIJAYA PRIMA, CV",1,TARAKAN,c258a0d1-9afc-4c75-ae3c-e29098a8d16a,reg,-,0501
LIDYA / CIPTO,INDAH JAYA,1,TARAKAN,fac01532-a149-4e0d-8cfe-111e1a976b6f,VIP,9,0502
ZULFIKAR RAJO BUJANG,BONNY,1,AMBON,e6fbd427-54a3-4fd7-8265-ae12073acd46,VIP,51,0503
,SABURO,1,AMBON,e212ac48-78c4-4d19-aa8d-50b77e0a44e0,reg,-,0504
ARTHA,"CATUR MITRA SEJATI SENTOSA, PT",1,BALI,534f9ebe-6231-4fc9-894a-eebbcf185dae,reg,-,0505
HENDRA WIJAYA  ,"NAGA MAS,UD ",1,BALI,bf3d1bc1-9bcc-46c0-9859-d070e3fb598b,VIP,51,0506
KOMANG,"CATUR MITRA SEJATI SENTOSA, PT",1,BALI,533c9c9a-5b8e-4ec3-b10b-5b391c2f680e,reg,-,0507
BAGOES,"BAGOES BALIINDO JAYA, PT ",1,BALI,58ae9f7f-2dcd-4d38-a9c9-918ecc2af4c7,reg,-,0508
FIFI STEFIANI,"JAYA RAYA,CV ",1,BALI,8a94548f-cbb3-4d24-8ea9-c6809775dff9,reg,-,0509
KARINA,"PADMA KENCANA, CV",2,JAYAPURA,a34ec3e1-2a4a-46d7-9a49-c8e934343bf5,VIP,51,0510
HADI SEBASTIAN PIRONO,"MITRA MAKMUR PERMAI, PT ",1,JAYAPURA,21115cd0-6372-4434-8b25-f566fd11b9f5,VIP,51,0511
ARIYANTO,UNGGUL JAYA PERTAMA,1,JAYAPURA,4b59adde-067b-4326-859a-7227d27b1d44,VIP,51,0512
ERWIN,"MULTI BANGUNAN, CV",1,JAYAPURA,b7c3e495-7396-49ff-856c-2c334ed3a06c,reg,-,0513
MEYKE / MARTIN & MIRA,"SINAR BANGUNAN CENTER, PT ",2,KUPANG,05f132f1-d0d0-4875-bedb-3f840f8c007c,reg,-,0514
LYSSA LAKSMONO,"SURYA BANGUNAN, CV ",1,KUPANG,44362202-abb0-4fe5-b351-f87c0ddbc5f0,VIP,51,0515
JONATHAN DAVID TIRTA WIJAYA,ANUGERAH (MATARAM),1,LOMBOK,13600f73-4e78-4c11-ab6f-3994081f3332,VIP,51,0516
RONI ANGGADA,"BALE CITRA LESTARI, PT",2,LOMBOK,aaa118dc-8e82-4ad4-8502-df2a8a77f03c,reg,-,0517
ANDI,"PION MITRA MANDIRI, PT",1,LOMBOK,d0c31ac6-a129-40cc-bcbe-9e5d63f5afd8,reg,-,0518
YOGA BASKARA,"METRO BANGUNAN UTAMA, CV (CV. METRO BANGUN UTAMA)",1,LOMBOK,ba82ef8c-5d2d-40ce-b2e4-0decffd72d16,reg,-,0519
MADE PURWANTARA ,MUSTI JAYA BANGUNAN,1,LOMBOK,0d037392-6b39-4e3a-96e0-93c53deef09c,reg,-,0520
ALEXANDER TANDIAWAN ,MAKMUR SEJAHTERA (JOHN HUS YEN),1,SORONG,4efc8da7-b392-4d50-988e-a9d50f366598,VIP,51,0521
OEY TJIE BING ,"PAPUA ABADI, CV",1,SORONG,4cefd363-f206-4a2b-a3a4-a426201a2cc4,VIP,51,0522
VIVI & MELIANA,"MULTI INDAH LESTARI, PT ",0,SORONG,8ec908b7-c65e-4896-97c1-f2c51a1e0175,reg,-,0523
HARSONO & LIDYA,"MAKMUR ABADI, CV ",2,SORONG,4e65ecd5-d467-4837-b976-7bb42d159aed,VIP,51,0524
PAULUS HARJOPRAWIRO ETENG,PT SINAR UTAMA TEXINDO,4,,6160460e-4dc4-4e22-94c6-26cd6b913799,reg,-,0525
ALI GUNAWAN WIJOYO,PT RUMAH AIR MAKMUR ABADI,4,,c72324fe-c018-4cae-b281-0bb6e8709fcd,reg,-,0526
WONG KAH YEOW,PT MAJU BANGUN MAKMUR,2,,1cec54b9-0046-46fe-aeb6-210a6b594942,reg,-,0527
